{
  "X": 20.450651,
  "Y": 0.19927819,
  "Z": 0,
  "PlayerScore": 2,
  "CurrentLevel": ""
}